               epoch,      train/box_loss,      train/obj_loss,      train/cls_loss,   metrics/precision,      metrics/recall,     metrics/mAP_0.5,metrics/mAP_0.5:0.95,        val/box_loss,        val/obj_loss,        val/cls_loss,               x/lr0,               x/lr1,               x/lr2
                   0,              0.0602,            0.034774,            0.045321,             0.60682,              0.6742,             0.67004,             0.36788,            0.040304,            0.017353,            0.015567,            0.070029,           0.0033301,           0.0033301
                   1,            0.046494,            0.030484,            0.020423,             0.69386,             0.67476,             0.72837,             0.42617,            0.037678,            0.018138,            0.011289,            0.040007,           0.0066415,           0.0066415
                   2,             0.04518,            0.032976,            0.020854,             0.60583,              0.5433,             0.57287,             0.31757,            0.040354,            0.021427,             0.01787,            0.009963,           0.0099308,           0.0099308
                   3,            0.045201,            0.035561,             0.02447,             0.60898,             0.54187,             0.56653,               0.306,            0.040191,            0.021398,            0.016264,            0.009901,            0.009901,            0.009901
                   4,            0.044276,             0.03556,            0.023322,             0.63547,             0.59485,             0.61819,             0.34552,            0.038885,            0.021161,            0.013203,            0.009901,            0.009901,            0.009901
                   5,            0.042833,            0.035046,            0.021394,             0.67673,             0.59652,             0.64982,             0.37833,            0.037188,            0.020467,            0.011543,            0.009868,            0.009868,            0.009868
                   6,            0.041738,            0.034682,            0.020008,             0.66965,             0.63365,              0.6739,             0.39379,             0.03666,            0.020027,            0.011476,            0.009835,            0.009835,            0.009835
                   7,             0.04087,              0.0341,             0.01936,             0.69213,             0.63408,              0.6858,             0.40527,            0.036349,            0.020035,            0.010912,            0.009802,            0.009802,            0.009802
                   8,            0.040288,            0.033803,            0.018563,             0.71148,             0.63407,             0.69992,             0.42045,            0.035293,            0.019725,           0.0099048,            0.009769,            0.009769,            0.009769
                   9,              0.0397,            0.033018,            0.017812,             0.70294,             0.66472,             0.71617,              0.4321,            0.035772,            0.019667,           0.0095087,            0.009736,            0.009736,            0.009736
                  10,             0.03928,            0.033226,            0.017359,             0.69418,             0.64705,             0.70324,             0.43282,            0.034457,            0.019587,            0.009696,            0.009703,            0.009703,            0.009703
                  11,            0.038849,            0.033312,            0.016992,             0.69733,             0.68095,             0.72442,             0.44616,            0.034304,            0.019375,           0.0089876,             0.00967,             0.00967,             0.00967
                  12,            0.038233,            0.032903,            0.016085,             0.71153,             0.68578,             0.72819,              0.4489,            0.034071,            0.019363,           0.0092115,            0.009637,            0.009637,            0.009637
                  13,            0.038144,            0.032795,            0.016033,             0.72483,             0.68312,             0.73677,             0.46479,            0.033521,            0.019138,           0.0081884,            0.009604,            0.009604,            0.009604
                  14,             0.03822,            0.032616,            0.015744,             0.73392,             0.69402,             0.74787,             0.47267,            0.033395,             0.01899,           0.0079221,            0.009571,            0.009571,            0.009571
                  15,             0.03748,            0.032388,             0.01498,             0.72537,             0.69471,              0.7456,             0.47317,            0.033372,            0.019057,           0.0080661,            0.009538,            0.009538,            0.009538
                  16,            0.037333,            0.032224,             0.01519,             0.72964,             0.69336,             0.74977,             0.47522,            0.032901,            0.018979,           0.0082679,            0.009505,            0.009505,            0.009505
                  17,            0.037031,            0.032238,            0.014957,             0.74005,              0.7086,             0.76544,              0.4888,            0.032996,            0.018601,             0.00782,            0.009472,            0.009472,            0.009472
                  18,            0.037066,            0.032228,            0.014728,             0.73151,             0.70566,             0.76366,             0.48904,            0.032689,            0.018716,           0.0072199,            0.009439,            0.009439,            0.009439
                  19,            0.036742,            0.032039,            0.014207,             0.73686,             0.71536,             0.76484,             0.49613,            0.032575,            0.018605,           0.0072879,            0.009406,            0.009406,            0.009406
                  20,            0.036593,            0.031639,            0.013897,             0.73936,             0.72485,             0.77407,             0.50728,            0.032075,            0.018405,           0.0070045,            0.009373,            0.009373,            0.009373
                  21,            0.036392,            0.031703,            0.013831,             0.75313,             0.71538,             0.77335,             0.50081,            0.032164,            0.018495,           0.0067769,             0.00934,             0.00934,             0.00934
                  22,            0.036206,            0.031823,            0.013382,             0.74916,             0.72515,             0.77437,             0.50704,            0.031962,            0.018539,           0.0068029,            0.009307,            0.009307,            0.009307
                  23,            0.036123,            0.031235,            0.013535,             0.76423,             0.71418,              0.7785,              0.5149,            0.031744,            0.018236,           0.0065818,            0.009274,            0.009274,            0.009274
                  24,            0.036111,            0.031362,            0.012986,             0.75781,             0.73266,             0.78286,             0.51762,            0.031648,            0.018201,           0.0068631,            0.009241,            0.009241,            0.009241
                  25,            0.035793,            0.031274,            0.013282,             0.75856,             0.73381,              0.7873,             0.52205,            0.031498,            0.018152,           0.0066182,            0.009208,            0.009208,            0.009208
                  26,            0.036084,            0.031216,            0.013448,              0.7511,             0.73679,             0.78407,              0.5239,            0.031329,            0.018148,           0.0068758,            0.009175,            0.009175,            0.009175
                  27,            0.035727,            0.031514,            0.012705,             0.76584,             0.73819,             0.79418,             0.53289,            0.031138,            0.018099,           0.0065811,            0.009142,            0.009142,            0.009142
                  28,            0.035638,            0.031094,            0.012667,             0.75953,             0.73792,             0.78974,             0.52687,            0.031037,            0.018034,           0.0064908,            0.009109,            0.009109,            0.009109
                  29,            0.035541,            0.031281,            0.012422,             0.76848,             0.74248,             0.79405,             0.53472,            0.030977,            0.017913,           0.0064288,            0.009076,            0.009076,            0.009076
                  30,            0.035418,            0.031087,             0.01289,              0.7625,              0.7462,             0.79534,             0.53248,            0.030882,             0.01803,           0.0064367,            0.009043,            0.009043,            0.009043
                  31,            0.035246,             0.03056,             0.01219,              0.7725,             0.75296,             0.80119,             0.53906,             0.03081,            0.017948,            0.006526,             0.00901,             0.00901,             0.00901
                  32,            0.035003,            0.030601,            0.012389,              0.7696,              0.7422,             0.79807,             0.53905,             0.03067,            0.017894,           0.0064248,            0.008977,            0.008977,            0.008977
                  33,            0.034974,            0.030693,            0.012035,             0.76429,             0.75121,             0.80187,             0.54235,            0.030626,            0.017871,           0.0063174,            0.008944,            0.008944,            0.008944
                  34,             0.03521,            0.030809,            0.012119,             0.78339,             0.74063,             0.80487,             0.54533,            0.030391,             0.01785,           0.0060574,            0.008911,            0.008911,            0.008911
                  35,            0.034855,            0.030464,            0.012289,             0.77553,             0.74917,             0.80492,             0.54624,            0.030428,            0.017864,           0.0061526,            0.008878,            0.008878,            0.008878
                  36,            0.034717,            0.030849,            0.011909,             0.77651,             0.74869,             0.80602,             0.54946,            0.030331,              0.0178,           0.0060349,            0.008845,            0.008845,            0.008845
                  37,            0.035004,            0.030697,            0.011942,             0.78952,             0.75156,             0.81267,             0.55436,            0.030258,            0.017712,           0.0059592,            0.008812,            0.008812,            0.008812
                  38,            0.034807,            0.030788,             0.01202,             0.78727,             0.75222,             0.81314,             0.55619,            0.030085,            0.017665,           0.0060297,            0.008779,            0.008779,            0.008779
                  39,            0.034524,            0.030372,            0.011758,             0.78575,             0.75811,             0.81161,               0.556,             0.03008,            0.017674,           0.0061302,            0.008746,            0.008746,            0.008746
                  40,            0.034515,            0.030623,            0.011611,             0.78702,             0.75298,             0.81257,             0.55888,            0.030036,            0.017635,           0.0061891,            0.008713,            0.008713,            0.008713
                  41,            0.034354,            0.030255,            0.011436,             0.77965,             0.75793,             0.81265,             0.55848,             0.03008,            0.017683,           0.0061311,             0.00868,             0.00868,             0.00868
                  42,            0.034636,            0.030346,            0.012126,             0.78536,              0.7598,             0.81468,             0.55867,            0.030068,             0.01768,           0.0059205,            0.008647,            0.008647,            0.008647
                  43,             0.03449,             0.03029,            0.011552,             0.78339,             0.76394,             0.81873,              0.5625,            0.029965,            0.017618,           0.0058742,            0.008614,            0.008614,            0.008614
                  44,            0.034528,            0.030458,            0.011721,             0.78978,             0.76146,             0.81941,             0.56497,            0.029917,              0.0176,           0.0058071,            0.008581,            0.008581,            0.008581
                  45,              0.0342,            0.030178,            0.011496,             0.78869,             0.76159,             0.81955,             0.56522,            0.029866,            0.017588,           0.0057748,            0.008548,            0.008548,            0.008548
                  46,            0.034042,            0.029964,            0.011203,             0.78642,             0.76459,             0.82028,             0.56664,            0.029825,            0.017542,           0.0058326,            0.008515,            0.008515,            0.008515
                  47,            0.034163,            0.030119,            0.011141,             0.77936,             0.77014,              0.8201,             0.56614,            0.029807,            0.017551,           0.0057542,            0.008482,            0.008482,            0.008482
                  48,            0.034014,            0.030187,            0.011187,             0.78517,              0.7703,             0.82013,             0.56709,            0.029764,            0.017528,           0.0056658,            0.008449,            0.008449,            0.008449
                  49,            0.033844,            0.030214,            0.011036,             0.78371,             0.77047,             0.82038,             0.56897,            0.029707,            0.017529,           0.0056046,            0.008416,            0.008416,            0.008416
                  50,            0.034212,            0.030094,            0.011231,              0.7869,             0.77073,             0.82071,             0.57036,            0.029678,            0.017539,           0.0055653,            0.008383,            0.008383,            0.008383
                  51,            0.033824,             0.02977,            0.011479,             0.78336,             0.77523,             0.82138,             0.57132,            0.029669,            0.017548,           0.0055109,             0.00835,             0.00835,             0.00835
                  52,            0.033934,            0.029841,            0.011062,             0.78303,             0.77552,             0.82276,             0.57169,            0.029642,            0.017538,           0.0055084,            0.008317,            0.008317,            0.008317
                  53,            0.033879,             0.02978,             0.01051,              0.7838,             0.77725,             0.82394,             0.57269,            0.029606,            0.017531,           0.0054307,            0.008284,            0.008284,            0.008284
                  54,            0.033869,            0.029795,            0.010952,             0.78487,             0.77434,             0.82438,             0.57404,            0.029573,            0.017531,           0.0053904,            0.008251,            0.008251,            0.008251
                  55,            0.033817,            0.029935,            0.011081,             0.78116,             0.78047,              0.8254,              0.5757,            0.029541,             0.01752,           0.0053384,            0.008218,            0.008218,            0.008218
                  56,            0.033747,            0.029835,            0.010708,             0.78398,             0.78018,             0.82615,             0.57612,            0.029528,            0.017512,           0.0053347,            0.008185,            0.008185,            0.008185
                  57,            0.033682,            0.029806,            0.010725,             0.78632,             0.77969,             0.82622,              0.5767,            0.029519,            0.017506,           0.0053387,            0.008152,            0.008152,            0.008152
                  58,            0.033574,            0.029824,            0.010701,             0.78857,             0.77877,             0.82689,             0.57699,            0.029505,            0.017499,           0.0053593,            0.008119,            0.008119,            0.008119
                  59,            0.033457,             0.02981,            0.010472,             0.78747,             0.78008,             0.82731,             0.57703,            0.029492,             0.01749,            0.005398,            0.008086,            0.008086,            0.008086
                  60,            0.033479,            0.029416,             0.01048,             0.78691,             0.77933,             0.82688,             0.57782,            0.029468,            0.017489,           0.0053979,            0.008053,            0.008053,            0.008053
                  61,             0.03315,            0.029422,            0.010397,             0.78296,             0.78133,             0.82759,              0.5785,            0.029437,            0.017485,           0.0053635,             0.00802,             0.00802,             0.00802
                  62,            0.033293,            0.029183,            0.010484,             0.78706,             0.78037,             0.82812,             0.57891,            0.029418,            0.017479,           0.0053439,            0.007987,            0.007987,            0.007987
                  63,            0.033308,            0.029618,             0.01039,             0.78658,             0.78102,             0.82872,             0.57979,            0.029399,            0.017474,            0.005335,            0.007954,            0.007954,            0.007954
                  64,            0.033362,             0.02962,            0.010497,              0.7887,             0.77952,             0.82916,             0.58083,            0.029382,            0.017473,           0.0053047,            0.007921,            0.007921,            0.007921
                  65,            0.033243,             0.02929,            0.010552,             0.78989,             0.77736,             0.82951,             0.58113,            0.029362,            0.017468,           0.0052824,            0.007888,            0.007888,            0.007888
                  66,            0.033313,            0.029266,             0.01005,             0.79294,             0.77604,             0.82946,             0.58157,            0.029337,            0.017465,           0.0052532,            0.007855,            0.007855,            0.007855
                  67,            0.033098,             0.02923,            0.010286,             0.79475,             0.77536,             0.82957,             0.58187,            0.029314,            0.017466,           0.0052281,            0.007822,            0.007822,            0.007822
                  68,            0.033136,            0.029274,            0.010131,             0.79538,             0.77425,             0.82943,             0.58226,            0.029296,            0.017464,           0.0052132,            0.007789,            0.007789,            0.007789
                  69,            0.033002,            0.029284,             0.01003,             0.79268,             0.77686,             0.82985,              0.5822,            0.029277,            0.017465,            0.005198,            0.007756,            0.007756,            0.007756
                  70,            0.033058,            0.029196,            0.010382,             0.79387,             0.77577,             0.82978,             0.58244,            0.029259,            0.017465,           0.0051747,            0.007723,            0.007723,            0.007723
                  71,            0.032895,            0.029107,            0.010154,             0.79334,             0.77582,              0.8298,             0.58238,            0.029245,             0.01747,           0.0051681,             0.00769,             0.00769,             0.00769
                  72,            0.032967,            0.029146,            0.010169,             0.79505,             0.77552,             0.82994,             0.58289,            0.029229,            0.017469,           0.0051598,            0.007657,            0.007657,            0.007657
                  73,            0.032783,            0.029178,            0.010171,             0.79664,             0.77476,              0.8304,             0.58326,            0.029213,            0.017469,           0.0051572,            0.007624,            0.007624,            0.007624
                  74,            0.033111,             0.02944,            0.010451,             0.79461,              0.7758,             0.83105,             0.58307,            0.029199,            0.017468,           0.0051657,            0.007591,            0.007591,            0.007591
                  75,            0.032788,            0.029327,            0.010175,             0.79752,             0.77386,             0.83128,             0.58313,            0.029189,            0.017464,           0.0051651,            0.007558,            0.007558,            0.007558
                  76,            0.032862,            0.029174,            0.010118,              0.7986,             0.77375,             0.83143,             0.58336,            0.029174,            0.017458,           0.0051677,            0.007525,            0.007525,            0.007525
                  77,             0.03255,            0.028954,            0.009796,             0.79821,             0.77354,             0.83154,             0.58394,            0.029163,            0.017455,           0.0051693,            0.007492,            0.007492,            0.007492
                  78,            0.032711,            0.028802,           0.0099001,             0.79947,             0.77265,             0.83153,             0.58392,            0.029148,            0.017451,           0.0051754,            0.007459,            0.007459,            0.007459
                  79,            0.032911,            0.028954,           0.0099737,             0.79919,             0.77286,             0.83178,             0.58421,            0.029137,            0.017446,           0.0051799,            0.007426,            0.007426,            0.007426
                  80,            0.032702,            0.028892,           0.0098251,              0.7999,              0.7708,              0.8313,             0.58419,            0.029125,            0.017439,           0.0051739,            0.007393,            0.007393,            0.007393
                  81,            0.032449,            0.028826,            0.009897,             0.80277,             0.76962,             0.83172,             0.58431,            0.029119,            0.017433,           0.0051699,             0.00736,             0.00736,             0.00736
                  82,            0.032539,            0.028601,           0.0098724,             0.80017,             0.77173,             0.83204,             0.58452,            0.029106,            0.017429,           0.0051641,            0.007327,            0.007327,            0.007327
                  83,            0.032673,            0.028853,           0.0098827,             0.79812,             0.77416,             0.83241,             0.58446,            0.029096,            0.017427,           0.0051686,            0.007294,            0.007294,            0.007294
                  84,            0.032379,             0.02873,           0.0096928,             0.79803,             0.77602,             0.83251,             0.58471,            0.029088,            0.017425,           0.0051685,            0.007261,            0.007261,            0.007261
                  85,            0.032455,             0.02884,           0.0096196,             0.79799,             0.77736,              0.8324,             0.58465,             0.02908,            0.017419,           0.0051637,            0.007228,            0.007228,            0.007228
                  86,             0.03236,            0.029087,           0.0097697,              0.7958,             0.77981,             0.83231,             0.58505,            0.029076,            0.017416,           0.0051632,            0.007195,            0.007195,            0.007195
                  87,            0.032492,            0.028517,           0.0097039,             0.79448,              0.7804,             0.83229,             0.58509,            0.029071,            0.017415,           0.0051609,            0.007162,            0.007162,            0.007162
                  88,            0.032342,            0.028737,           0.0095123,              0.7939,             0.78181,             0.83228,             0.58548,            0.029071,            0.017413,           0.0051652,            0.007129,            0.007129,            0.007129
                  89,            0.032239,             0.02868,           0.0093803,             0.79319,             0.78259,             0.83231,             0.58572,             0.02907,            0.017412,           0.0051707,            0.007096,            0.007096,            0.007096
                  90,            0.032333,            0.028615,           0.0095024,             0.79285,             0.78294,             0.83241,             0.58564,             0.02907,            0.017408,            0.005179,            0.007063,            0.007063,            0.007063
                  91,             0.03228,            0.028622,           0.0092281,             0.79177,             0.78264,              0.8324,             0.58563,            0.029069,            0.017403,           0.0051791,             0.00703,             0.00703,             0.00703
                  92,            0.032117,            0.028818,           0.0093063,             0.79464,             0.78253,             0.83244,             0.58595,            0.029068,            0.017399,           0.0051727,            0.006997,            0.006997,            0.006997
                  93,             0.03201,            0.028254,           0.0094707,             0.79491,             0.78235,             0.83304,             0.58634,             0.02907,            0.017397,           0.0051623,            0.006964,            0.006964,            0.006964
                  94,            0.032234,            0.028571,           0.0093583,             0.79505,              0.7833,             0.83339,              0.5866,            0.029069,            0.017391,             0.00516,            0.006931,            0.006931,            0.006931
                  95,            0.032228,            0.028864,           0.0096651,             0.79465,             0.78428,             0.83356,             0.58626,            0.029064,             0.01739,           0.0051627,            0.006898,            0.006898,            0.006898
                  96,            0.031934,             0.02818,           0.0092714,             0.79454,             0.78302,             0.83366,             0.58673,             0.02906,            0.017387,           0.0051612,            0.006865,            0.006865,            0.006865
                  97,            0.032112,             0.02829,           0.0093866,              0.7966,             0.78161,             0.83389,             0.58692,            0.029057,            0.017382,           0.0051676,            0.006832,            0.006832,            0.006832
                  98,            0.031986,            0.028731,           0.0092142,              0.7967,             0.78216,             0.83395,             0.58714,            0.029058,            0.017377,           0.0051692,            0.006799,            0.006799,            0.006799
                  99,            0.031971,            0.028562,           0.0092361,             0.79788,             0.77944,             0.83371,              0.5874,            0.029063,            0.017375,           0.0051753,            0.006766,            0.006766,            0.006766
                 100,            0.031955,             0.02838,           0.0092613,             0.79706,             0.78026,             0.83397,             0.58755,            0.029066,            0.017372,            0.005181,            0.006733,            0.006733,            0.006733
                 101,            0.031836,            0.028538,           0.0093026,             0.79819,              0.7795,             0.83401,             0.58769,            0.029069,            0.017372,           0.0051877,              0.0067,              0.0067,              0.0067
                 102,            0.031751,            0.028365,            0.009184,             0.79949,              0.7782,             0.83398,             0.58744,             0.02907,            0.017371,           0.0051988,            0.006667,            0.006667,            0.006667
                 103,            0.031968,            0.028211,            0.009263,             0.80144,             0.77793,             0.83399,             0.58765,            0.029073,             0.01737,           0.0052023,            0.006634,            0.006634,            0.006634
                 104,            0.031942,            0.028464,           0.0093146,             0.80127,             0.77741,             0.83417,             0.58783,            0.029076,            0.017367,           0.0052038,            0.006601,            0.006601,            0.006601
                 105,            0.031698,            0.028463,           0.0090509,             0.80122,             0.77832,              0.8342,             0.58792,            0.029079,            0.017368,           0.0052077,            0.006568,            0.006568,            0.006568
                 106,            0.031507,            0.028307,           0.0091861,             0.80134,             0.77957,             0.83442,              0.5881,            0.029076,            0.017366,           0.0052063,            0.006535,            0.006535,            0.006535
                 107,            0.031655,            0.028008,           0.0091419,               0.798,             0.78211,             0.83455,              0.5879,            0.029076,            0.017365,           0.0052086,            0.006502,            0.006502,            0.006502
                 108,            0.031722,            0.028367,           0.0090106,             0.80217,             0.77844,             0.83462,             0.58784,            0.029079,            0.017365,           0.0052079,            0.006469,            0.006469,            0.006469
                 109,            0.031333,             0.02801,           0.0089598,             0.80319,              0.7779,             0.83477,              0.5879,            0.029084,            0.017365,           0.0052137,            0.006436,            0.006436,            0.006436
                 110,            0.031667,            0.027943,           0.0090554,              0.8022,             0.77866,             0.83494,             0.58806,            0.029089,            0.017363,           0.0052217,            0.006403,            0.006403,            0.006403
                 111,            0.031562,            0.028272,           0.0091376,             0.80037,             0.77949,             0.83499,             0.58873,             0.02909,            0.017358,           0.0052276,             0.00637,             0.00637,             0.00637
                 112,            0.031418,            0.027914,           0.0090916,             0.79833,             0.78204,             0.83494,             0.58893,            0.029091,            0.017354,           0.0052314,            0.006337,            0.006337,            0.006337
                 113,             0.03144,            0.027812,           0.0087049,              0.8011,             0.78178,              0.8354,             0.58938,            0.029089,            0.017351,           0.0052372,            0.006304,            0.006304,            0.006304
                 114,            0.031341,             0.02793,           0.0086468,             0.80069,             0.78455,             0.83557,              0.5894,             0.02909,            0.017349,           0.0052462,            0.006271,            0.006271,            0.006271
                 115,            0.031506,            0.027942,           0.0089102,             0.80341,             0.78191,             0.83555,              0.5891,            0.029091,            0.017346,           0.0052525,            0.006238,            0.006238,            0.006238
                 116,              0.0315,            0.028058,            0.008931,             0.80344,             0.78097,             0.83517,             0.58915,            0.029096,            0.017346,           0.0052526,            0.006205,            0.006205,            0.006205
                 117,            0.031317,            0.027941,           0.0088431,             0.80333,             0.78105,             0.83498,             0.58923,            0.029098,            0.017345,           0.0052587,            0.006172,            0.006172,            0.006172
                 118,            0.031416,            0.027923,           0.0088312,             0.80292,             0.78015,             0.83495,              0.5893,            0.029099,            0.017342,           0.0052627,            0.006139,            0.006139,            0.006139
                 119,            0.031226,            0.027734,           0.0088599,             0.80095,               0.781,             0.83495,              0.5894,            0.029101,             0.01734,           0.0052646,            0.006106,            0.006106,            0.006106
                 120,            0.031281,            0.027889,           0.0087419,             0.79944,             0.78228,             0.83492,             0.58949,            0.029102,            0.017337,            0.005269,            0.006073,            0.006073,            0.006073
                 121,            0.031284,            0.028058,           0.0086542,             0.79614,             0.78527,             0.83507,             0.58929,              0.0291,            0.017332,           0.0052649,             0.00604,             0.00604,             0.00604
                 122,            0.031026,            0.027527,           0.0087044,             0.79782,             0.78408,             0.83479,              0.5897,            0.029098,            0.017331,           0.0052576,            0.006007,            0.006007,            0.006007
                 123,             0.03116,            0.027805,           0.0086248,             0.79918,             0.78338,             0.83523,             0.58964,            0.029099,            0.017329,           0.0052547,            0.005974,            0.005974,            0.005974
                 124,            0.031037,            0.027599,           0.0087168,              0.8005,             0.78289,             0.83526,             0.58992,            0.029105,            0.017324,           0.0052586,            0.005941,            0.005941,            0.005941
                 125,            0.031053,            0.027882,           0.0086489,             0.80068,             0.78222,              0.8353,             0.59002,            0.029109,            0.017323,            0.005256,            0.005908,            0.005908,            0.005908
                 126,            0.031018,            0.027814,           0.0085676,             0.80008,              0.7829,             0.83512,             0.59006,            0.029114,             0.01732,           0.0052551,            0.005875,            0.005875,            0.005875
                 127,            0.031109,            0.027646,           0.0083714,             0.79965,              0.7833,             0.83529,             0.59033,            0.029115,            0.017316,           0.0052427,            0.005842,            0.005842,            0.005842
                 128,             0.03082,            0.027488,           0.0085801,             0.80111,             0.78331,              0.8355,             0.59068,            0.029114,            0.017315,           0.0052315,            0.005809,            0.005809,            0.005809
                 129,            0.031011,             0.02766,           0.0087004,              0.8048,             0.77894,             0.83534,             0.59113,            0.029115,            0.017315,           0.0052236,            0.005776,            0.005776,            0.005776
                 130,            0.030895,            0.027514,           0.0085364,             0.80916,              0.7748,             0.83566,             0.59135,             0.02912,             0.01731,           0.0052172,            0.005743,            0.005743,            0.005743
                 131,            0.030548,            0.027254,           0.0083677,             0.80788,             0.77595,             0.83526,             0.59146,            0.029125,            0.017309,           0.0052171,             0.00571,             0.00571,             0.00571
                 132,            0.030828,            0.027637,           0.0085422,              0.8036,             0.77844,             0.83529,             0.59139,            0.029127,             0.01731,           0.0052161,            0.005677,            0.005677,            0.005677
                 133,            0.030779,            0.027606,           0.0086313,             0.80466,             0.77845,             0.83524,             0.59141,            0.029128,             0.01731,            0.005214,            0.005644,            0.005644,            0.005644
                 134,            0.030563,            0.027475,            0.008384,             0.80297,              0.7795,             0.83519,             0.59153,            0.029129,             0.01731,           0.0052105,            0.005611,            0.005611,            0.005611
                 135,            0.030711,             0.02736,           0.0082019,               0.804,             0.77832,             0.83504,             0.59217,            0.029128,            0.017309,           0.0052043,            0.005578,            0.005578,            0.005578
                 136,            0.030656,            0.027488,           0.0082537,             0.80355,             0.77984,             0.83587,             0.59254,             0.02913,            0.017307,           0.0052038,            0.005545,            0.005545,            0.005545
                 137,            0.030271,            0.027154,           0.0081652,             0.80217,             0.78092,             0.83578,              0.5926,            0.029134,            0.017306,           0.0052078,            0.005512,            0.005512,            0.005512
                 138,            0.030429,            0.027271,            0.008194,             0.80162,              0.7798,             0.83578,             0.59268,            0.029136,            0.017305,           0.0052114,            0.005479,            0.005479,            0.005479
                 139,            0.030332,            0.027507,           0.0081485,             0.80185,             0.77982,             0.83615,             0.59245,            0.029141,            0.017306,           0.0052078,            0.005446,            0.005446,            0.005446
                 140,            0.030408,            0.027154,           0.0080806,             0.80076,             0.77975,             0.83597,             0.59297,            0.029146,            0.017306,           0.0052099,            0.005413,            0.005413,            0.005413
                 141,            0.030445,            0.027236,           0.0082673,             0.79987,             0.78178,               0.836,             0.59282,            0.029149,            0.017308,           0.0052099,             0.00538,             0.00538,             0.00538
                 142,              0.0304,            0.027072,           0.0080475,             0.79776,             0.78391,             0.83592,             0.59289,            0.029151,            0.017311,           0.0052082,            0.005347,            0.005347,            0.005347
                 143,            0.030147,              0.0268,           0.0082772,              0.8006,             0.78258,             0.83597,               0.593,            0.029155,            0.017311,           0.0052087,            0.005314,            0.005314,            0.005314
                 144,            0.030253,            0.027099,           0.0080395,             0.79979,             0.78405,             0.83604,             0.59276,            0.029154,            0.017315,           0.0052144,            0.005281,            0.005281,            0.005281
                 145,            0.030361,            0.027061,           0.0080219,             0.79948,             0.78314,             0.83559,             0.59261,            0.029156,             0.01732,           0.0052132,            0.005248,            0.005248,            0.005248
                 146,            0.030306,             0.02738,           0.0080759,             0.79902,               0.784,              0.8358,             0.59263,            0.029159,            0.017324,           0.0052129,            0.005215,            0.005215,            0.005215
                 147,            0.030206,            0.027061,           0.0081706,             0.79903,             0.78506,             0.83579,             0.59224,            0.029162,            0.017325,           0.0052101,            0.005182,            0.005182,            0.005182
                 148,            0.030174,            0.027084,           0.0080254,             0.79828,             0.78521,             0.83552,             0.59247,            0.029167,            0.017328,           0.0052161,            0.005149,            0.005149,            0.005149
                 149,            0.030157,            0.026877,           0.0080698,             0.79831,             0.78626,             0.83559,             0.59222,            0.029172,             0.01733,           0.0052271,            0.005116,            0.005116,            0.005116
                 150,            0.030262,            0.027095,           0.0078714,             0.79672,             0.78811,             0.83527,             0.59237,            0.029173,            0.017333,           0.0052308,            0.005083,            0.005083,            0.005083
                 151,            0.029882,            0.026896,           0.0079084,             0.79833,             0.78698,             0.83506,             0.59255,            0.029175,            0.017336,           0.0052236,             0.00505,             0.00505,             0.00505
                 152,            0.029982,            0.026638,           0.0080952,             0.80006,             0.78569,             0.83494,             0.59272,            0.029174,            0.017338,           0.0052163,            0.005017,            0.005017,            0.005017
                 153,            0.029917,            0.026867,           0.0079364,             0.79866,             0.78609,              0.8351,             0.59284,            0.029174,            0.017339,           0.0052114,            0.004984,            0.004984,            0.004984
                 154,            0.030181,            0.026798,           0.0078472,             0.79874,             0.78655,              0.8351,             0.59303,            0.029177,            0.017339,             0.00521,            0.004951,            0.004951,            0.004951
                 155,             0.02989,            0.026939,           0.0077727,             0.79967,             0.78691,             0.83493,              0.5932,            0.029176,            0.017342,           0.0052084,            0.004918,            0.004918,            0.004918
                 156,            0.029934,            0.026666,           0.0077648,             0.80095,             0.78633,             0.83512,             0.59304,            0.029182,            0.017341,           0.0052083,            0.004885,            0.004885,            0.004885
                 157,            0.029779,            0.026797,           0.0077982,             0.80245,             0.78469,             0.83491,             0.59291,            0.029183,            0.017342,           0.0052077,            0.004852,            0.004852,            0.004852
                 158,            0.029923,            0.026542,           0.0076784,             0.79984,             0.78608,             0.83473,             0.59341,            0.029183,            0.017343,           0.0052069,            0.004819,            0.004819,            0.004819
                 159,            0.029747,            0.026709,           0.0077221,             0.79909,             0.78745,             0.83464,             0.59326,            0.029187,            0.017347,            0.005209,            0.004786,            0.004786,            0.004786
                 160,            0.029679,            0.026827,           0.0077254,             0.79766,             0.78873,             0.83439,             0.59331,            0.029189,            0.017348,           0.0052118,            0.004753,            0.004753,            0.004753
                 161,            0.029578,            0.026424,           0.0076779,             0.80001,             0.78646,             0.83439,             0.59348,            0.029191,             0.01735,           0.0052142,             0.00472,             0.00472,             0.00472
                 162,            0.029671,            0.026497,             0.00758,             0.80454,             0.78444,             0.83446,             0.59365,            0.029194,            0.017352,           0.0052091,            0.004687,            0.004687,            0.004687
                 163,             0.02946,            0.026563,           0.0076826,             0.80307,             0.78551,             0.83464,             0.59354,            0.029195,            0.017352,           0.0052044,            0.004654,            0.004654,            0.004654
                 164,            0.029629,            0.026568,           0.0077668,             0.80063,             0.78781,              0.8345,             0.59356,            0.029196,            0.017352,           0.0052039,            0.004621,            0.004621,            0.004621
                 165,            0.029576,            0.026495,           0.0076458,             0.80246,             0.78727,             0.83456,             0.59407,            0.029197,            0.017353,           0.0052042,            0.004588,            0.004588,            0.004588
                 166,            0.029658,            0.026614,           0.0076499,             0.79979,             0.78923,             0.83474,             0.59433,            0.029198,            0.017352,           0.0052085,            0.004555,            0.004555,            0.004555
                 167,            0.029334,            0.026245,           0.0073651,             0.79978,             0.78851,             0.83449,             0.59425,            0.029194,            0.017354,           0.0052146,            0.004522,            0.004522,            0.004522
                 168,            0.029446,             0.02655,           0.0076155,             0.79936,             0.78927,             0.83474,             0.59451,             0.02919,            0.017356,           0.0052212,            0.004489,            0.004489,            0.004489
                 169,            0.029327,            0.026613,           0.0074713,             0.80014,             0.78798,             0.83469,             0.59497,            0.029191,            0.017356,           0.0052328,            0.004456,            0.004456,            0.004456
                 170,            0.029432,            0.026482,           0.0073517,             0.80183,             0.78784,             0.83458,             0.59461,            0.029191,            0.017357,           0.0052429,            0.004423,            0.004423,            0.004423
                 171,            0.029209,            0.025978,           0.0074743,             0.80121,             0.78812,             0.83466,             0.59486,            0.029194,            0.017359,           0.0052515,             0.00439,             0.00439,             0.00439
                 172,            0.029187,            0.026181,           0.0072264,             0.80176,             0.78677,             0.83459,             0.59465,            0.029198,            0.017362,           0.0052585,            0.004357,            0.004357,            0.004357
                 173,            0.029148,               0.026,            0.007227,             0.80267,             0.78512,             0.83422,             0.59442,            0.029203,            0.017362,           0.0052643,            0.004324,            0.004324,            0.004324
                 174,            0.029127,            0.026124,           0.0074932,             0.80385,             0.78424,             0.83392,             0.59443,            0.029204,            0.017366,           0.0052745,            0.004291,            0.004291,            0.004291
                 175,            0.029075,            0.026175,            0.007274,             0.80332,             0.78275,             0.83364,             0.59414,            0.029208,            0.017367,           0.0052801,            0.004258,            0.004258,            0.004258
                 176,            0.029013,            0.025789,           0.0072725,             0.80325,             0.78381,             0.83376,             0.59413,            0.029214,             0.01737,           0.0052869,            0.004225,            0.004225,            0.004225
                 177,            0.029206,            0.026051,           0.0074823,             0.80453,             0.78318,             0.83358,             0.59416,            0.029217,            0.017373,            0.005296,            0.004192,            0.004192,            0.004192
                 178,            0.029158,            0.026101,           0.0075424,             0.80662,             0.78254,             0.83367,             0.59422,             0.02922,            0.017373,           0.0052968,            0.004159,            0.004159,            0.004159
                 179,             0.02898,            0.025886,           0.0073288,             0.80555,             0.78238,             0.83367,             0.59436,            0.029219,            0.017375,            0.005302,            0.004126,            0.004126,            0.004126
                 180,            0.028937,             0.02579,           0.0073822,             0.80394,             0.78328,             0.83371,             0.59458,            0.029218,            0.017373,           0.0053051,            0.004093,            0.004093,            0.004093
                 181,            0.028837,            0.026031,           0.0073745,             0.80496,             0.78177,             0.83383,             0.59478,             0.02922,            0.017375,           0.0053145,             0.00406,             0.00406,             0.00406
                 182,            0.028788,            0.025919,           0.0070751,             0.80552,             0.78169,             0.83403,             0.59498,            0.029225,            0.017374,           0.0053252,            0.004027,            0.004027,            0.004027
                 183,            0.028739,            0.025772,           0.0072758,              0.8099,             0.77948,             0.83413,             0.59511,             0.02923,            0.017376,           0.0053358,            0.003994,            0.003994,            0.003994
                 184,            0.028677,            0.025847,           0.0070677,             0.80906,             0.78027,             0.83393,             0.59499,            0.029228,             0.01738,           0.0053443,            0.003961,            0.003961,            0.003961
                 185,            0.028666,            0.025735,           0.0071284,             0.80772,             0.78035,             0.83418,              0.5953,            0.029229,            0.017381,           0.0053471,            0.003928,            0.003928,            0.003928
                 186,            0.028693,            0.025769,           0.0069544,             0.80927,             0.77906,             0.83424,             0.59549,            0.029238,            0.017383,           0.0053566,            0.003895,            0.003895,            0.003895
                 187,            0.028562,            0.025749,           0.0070925,              0.8097,             0.77902,             0.83413,             0.59542,            0.029244,            0.017388,           0.0053736,            0.003862,            0.003862,            0.003862
                 188,            0.028609,            0.025743,           0.0071313,             0.80933,             0.77894,             0.83399,             0.59513,            0.029251,            0.017392,           0.0053784,            0.003829,            0.003829,            0.003829
                 189,            0.028588,            0.025769,            0.007086,             0.80894,                0.78,             0.83393,              0.5949,            0.029254,            0.017393,           0.0053814,            0.003796,            0.003796,            0.003796
                 190,            0.028552,            0.025392,           0.0070736,             0.80948,             0.77801,             0.83382,             0.59504,            0.029262,            0.017396,           0.0053861,            0.003763,            0.003763,            0.003763
                 191,            0.028567,             0.02567,           0.0070079,             0.80834,              0.7794,             0.83405,             0.59515,            0.029266,            0.017399,            0.005392,             0.00373,             0.00373,             0.00373
                 192,             0.02834,            0.025586,            0.006877,             0.80759,             0.77953,             0.83401,             0.59542,            0.029273,            0.017402,           0.0053966,            0.003697,            0.003697,            0.003697
                 193,            0.028364,            0.025563,           0.0068711,             0.81034,             0.77825,             0.83413,             0.59523,            0.029277,            0.017408,            0.005404,            0.003664,            0.003664,            0.003664
                 194,            0.028436,            0.025433,            0.006903,             0.81028,             0.77915,             0.83453,             0.59574,            0.029284,            0.017413,           0.0054089,            0.003631,            0.003631,            0.003631
                 195,            0.028224,            0.025251,           0.0067334,             0.80977,             0.77874,             0.83442,             0.59581,             0.02928,            0.017419,           0.0054086,            0.003598,            0.003598,            0.003598
                 196,            0.028242,            0.025424,           0.0070493,             0.80998,             0.77779,             0.83456,             0.59553,            0.029282,            0.017425,           0.0054094,            0.003565,            0.003565,            0.003565
                 197,            0.028185,            0.025503,           0.0068947,             0.80776,              0.7801,             0.83432,             0.59552,            0.029281,             0.01743,           0.0054101,            0.003532,            0.003532,            0.003532
                 198,            0.028093,            0.025544,           0.0065508,             0.80851,             0.78019,             0.83446,             0.59565,            0.029286,            0.017436,           0.0054102,            0.003499,            0.003499,            0.003499
                 199,            0.028081,            0.025349,           0.0067017,             0.80701,             0.78214,             0.83452,             0.59566,            0.029289,            0.017442,           0.0054098,            0.003466,            0.003466,            0.003466
                 200,            0.028016,            0.025248,           0.0065939,             0.80932,             0.78001,             0.83502,             0.59595,            0.029292,            0.017447,           0.0054013,            0.003433,            0.003433,            0.003433
                 201,            0.028107,            0.025421,           0.0067189,             0.80965,             0.77973,             0.83529,             0.59601,            0.029292,            0.017451,           0.0053978,              0.0034,              0.0034,              0.0034
                 202,            0.027877,            0.025106,           0.0067561,             0.80886,             0.78223,             0.83559,             0.59598,            0.029293,            0.017457,           0.0053957,            0.003367,            0.003367,            0.003367
                 203,            0.027792,            0.025098,           0.0064873,             0.80949,             0.78168,             0.83579,             0.59574,            0.029296,            0.017462,           0.0053941,            0.003334,            0.003334,            0.003334
                 204,            0.027761,            0.025126,           0.0067571,              0.8052,             0.78695,             0.83575,             0.59619,            0.029299,            0.017466,           0.0053948,            0.003301,            0.003301,            0.003301
                 205,             0.02765,            0.024832,            0.006502,             0.80481,             0.78729,             0.83593,             0.59652,            0.029301,             0.01747,           0.0053956,            0.003268,            0.003268,            0.003268
                 206,            0.027558,            0.025045,           0.0064722,             0.80544,              0.7852,             0.83602,             0.59677,            0.029302,            0.017474,            0.005398,            0.003235,            0.003235,            0.003235
                 207,            0.027818,             0.02508,           0.0064617,             0.80599,             0.78471,             0.83635,             0.59666,            0.029309,             0.01748,           0.0053995,            0.003202,            0.003202,            0.003202
                 208,            0.027569,            0.024977,           0.0064178,             0.80565,             0.78445,             0.83629,             0.59694,            0.029312,            0.017488,           0.0053986,            0.003169,            0.003169,            0.003169
                 209,            0.027671,            0.024935,           0.0064475,             0.80568,             0.78511,             0.83616,               0.597,            0.029314,            0.017494,           0.0054042,            0.003136,            0.003136,            0.003136
                 210,            0.027557,             0.02485,           0.0064233,             0.80738,              0.7837,             0.83637,             0.59705,            0.029318,              0.0175,           0.0054041,            0.003103,            0.003103,            0.003103
                 211,            0.027459,            0.024669,           0.0065091,             0.81273,              0.7806,             0.83631,             0.59697,             0.02932,            0.017507,           0.0053983,             0.00307,             0.00307,             0.00307
                 212,            0.027348,            0.024733,           0.0065369,             0.81421,             0.77904,             0.83633,             0.59704,            0.029323,            0.017513,           0.0054029,            0.003037,            0.003037,            0.003037
                 213,            0.027324,            0.024617,           0.0063383,             0.81649,             0.77643,             0.83612,             0.59715,            0.029326,            0.017516,           0.0054061,            0.003004,            0.003004,            0.003004
                 214,            0.027436,            0.024881,           0.0063661,             0.81817,             0.77592,             0.83626,             0.59718,            0.029332,            0.017526,           0.0054084,            0.002971,            0.002971,            0.002971
                 215,            0.027301,            0.024797,           0.0063213,             0.81758,             0.77608,             0.83614,             0.59737,            0.029336,            0.017534,           0.0054141,            0.002938,            0.002938,            0.002938
                 216,            0.027152,            0.024413,           0.0064195,             0.81733,             0.77699,             0.83624,             0.59742,            0.029338,             0.01754,            0.005419,            0.002905,            0.002905,            0.002905
                 217,            0.027225,            0.024769,           0.0061783,              0.8167,              0.7771,             0.83603,             0.59779,            0.029342,            0.017549,           0.0054265,            0.002872,            0.002872,            0.002872
                 218,             0.02727,            0.024552,           0.0062937,             0.81588,             0.77718,             0.83615,             0.59781,            0.029349,            0.017555,           0.0054306,            0.002839,            0.002839,            0.002839
                 219,            0.027098,            0.024604,           0.0062909,             0.81457,             0.77707,             0.83574,              0.5979,            0.029354,            0.017564,           0.0054358,            0.002806,            0.002806,            0.002806
                 220,            0.027054,            0.024522,           0.0061428,              0.8146,              0.7785,             0.83574,             0.59812,            0.029363,            0.017574,           0.0054409,            0.002773,            0.002773,            0.002773
                 221,            0.027136,            0.024397,           0.0061634,             0.81516,             0.77842,             0.83571,             0.59811,            0.029373,            0.017579,           0.0054482,             0.00274,             0.00274,             0.00274
                 222,            0.027021,            0.024261,           0.0062835,             0.81505,             0.77975,             0.83563,             0.59837,            0.029379,            0.017589,           0.0054561,            0.002707,            0.002707,            0.002707
                 223,            0.026836,            0.024308,           0.0061711,              0.8149,             0.78075,             0.83583,             0.59821,            0.029386,            0.017598,           0.0054553,            0.002674,            0.002674,            0.002674
                 224,            0.026839,            0.024072,           0.0060567,             0.81349,             0.78294,             0.83552,             0.59799,            0.029395,            0.017605,           0.0054603,            0.002641,            0.002641,            0.002641
                 225,            0.026756,            0.024238,           0.0060069,             0.81418,             0.78196,             0.83566,             0.59763,            0.029403,            0.017615,           0.0054661,            0.002608,            0.002608,            0.002608
                 226,            0.026706,            0.024271,           0.0060622,             0.81448,               0.782,             0.83548,             0.59768,            0.029409,            0.017624,            0.005472,            0.002575,            0.002575,            0.002575
                 227,            0.026585,            0.024061,           0.0060907,             0.81363,             0.78316,             0.83584,             0.59775,            0.029415,             0.01763,           0.0054702,            0.002542,            0.002542,            0.002542
                 228,            0.026789,             0.02398,           0.0059396,             0.81366,             0.78255,             0.83561,             0.59797,            0.029423,            0.017637,            0.005472,            0.002509,            0.002509,            0.002509
                 229,            0.026595,            0.024086,           0.0059544,             0.81433,             0.78288,             0.83549,             0.59828,            0.029432,            0.017642,           0.0054742,            0.002476,            0.002476,            0.002476
                 230,            0.026612,               0.024,           0.0058839,             0.81263,             0.78459,             0.83577,             0.59792,            0.029439,            0.017651,           0.0054856,            0.002443,            0.002443,            0.002443
                 231,            0.026372,            0.023931,           0.0059028,             0.81212,              0.7852,             0.83576,              0.5981,            0.029446,            0.017659,           0.0055018,             0.00241,             0.00241,             0.00241
                 232,             0.02644,            0.023886,           0.0059957,             0.81215,             0.78514,             0.83576,             0.59777,            0.029457,            0.017667,           0.0055162,            0.002377,            0.002377,            0.002377
                 233,            0.026448,            0.023702,           0.0058511,             0.81175,             0.78488,             0.83546,             0.59796,            0.029467,            0.017676,           0.0055249,            0.002344,            0.002344,            0.002344
                 234,            0.026297,            0.023861,           0.0057993,             0.81071,             0.78507,             0.83537,             0.59799,            0.029479,            0.017685,            0.005535,            0.002311,            0.002311,            0.002311
                 235,             0.02627,            0.023878,           0.0057683,             0.81071,             0.78409,             0.83512,             0.59819,            0.029489,            0.017696,           0.0055446,            0.002278,            0.002278,            0.002278
                 236,            0.026206,             0.02368,           0.0057506,             0.81064,             0.78373,             0.83496,              0.5983,            0.029496,            0.017705,           0.0055513,            0.002245,            0.002245,            0.002245
                 237,            0.026148,            0.023615,           0.0058175,             0.81079,             0.78436,             0.83478,             0.59821,            0.029504,            0.017715,           0.0055561,            0.002212,            0.002212,            0.002212
                 238,            0.026068,            0.023764,           0.0056957,              0.8105,             0.78483,             0.83477,             0.59832,             0.02951,            0.017728,           0.0055616,            0.002179,            0.002179,            0.002179
                 239,            0.025868,            0.023477,           0.0056789,             0.80882,              0.7862,             0.83475,             0.59812,            0.029519,            0.017741,           0.0055677,            0.002146,            0.002146,            0.002146
                 240,            0.025939,            0.023318,           0.0056173,             0.80868,             0.78687,             0.83473,             0.59825,            0.029529,            0.017753,           0.0055752,            0.002113,            0.002113,            0.002113
                 241,            0.025908,            0.023478,           0.0056226,             0.81092,             0.78432,             0.83463,              0.5984,            0.029541,            0.017764,            0.005586,             0.00208,             0.00208,             0.00208
                 242,             0.02576,            0.023425,           0.0054631,             0.80954,             0.78638,             0.83511,              0.5985,            0.029553,            0.017776,           0.0055953,            0.002047,            0.002047,            0.002047
                 243,            0.025846,            0.023302,           0.0056487,             0.80978,              0.7864,             0.83483,              0.5983,            0.029566,            0.017786,           0.0056067,            0.002014,            0.002014,            0.002014
                 244,            0.025589,            0.023138,           0.0055076,             0.81148,             0.78538,              0.8348,             0.59839,             0.02958,            0.017798,           0.0056181,            0.001981,            0.001981,            0.001981
                 245,             0.02552,            0.023107,           0.0053224,             0.80947,             0.78694,             0.83494,             0.59848,            0.029595,            0.017809,           0.0056298,            0.001948,            0.001948,            0.001948
                 246,            0.025571,            0.023378,           0.0053862,             0.80969,             0.78673,              0.8349,             0.59809,            0.029606,            0.017823,           0.0056467,            0.001915,            0.001915,            0.001915
                 247,            0.025459,            0.023113,           0.0053446,             0.80924,             0.78621,             0.83471,             0.59832,            0.029612,            0.017837,           0.0056568,            0.001882,            0.001882,            0.001882
                 248,            0.025276,            0.022988,           0.0053876,               0.807,             0.78914,             0.83501,             0.59831,            0.029621,            0.017851,           0.0056676,            0.001849,            0.001849,            0.001849
                 249,            0.025278,            0.022937,           0.0053858,             0.80568,             0.78913,             0.83456,              0.5982,            0.029634,            0.017865,           0.0056819,            0.001816,            0.001816,            0.001816
                 250,             0.02524,            0.022893,           0.0052854,             0.80624,             0.78911,             0.83456,             0.59837,            0.029646,            0.017882,           0.0056981,            0.001783,            0.001783,            0.001783
                 251,            0.025233,            0.023025,           0.0052397,             0.80756,             0.78673,             0.83451,             0.59838,            0.029655,            0.017895,           0.0057095,             0.00175,             0.00175,             0.00175
                 252,            0.025246,            0.022912,           0.0054601,             0.80607,             0.78944,             0.83422,             0.59799,            0.029663,             0.01791,           0.0057157,            0.001717,            0.001717,            0.001717
                 253,            0.025135,            0.022846,           0.0051759,             0.80861,             0.78678,             0.83397,             0.59792,            0.029676,            0.017928,           0.0057296,            0.001684,            0.001684,            0.001684
                 254,            0.025127,            0.022662,           0.0052749,             0.80672,             0.79056,             0.83383,              0.5979,            0.029685,            0.017941,           0.0057381,            0.001651,            0.001651,            0.001651
                 255,             0.02487,            0.022622,           0.0052648,             0.80706,             0.78948,             0.83375,             0.59822,            0.029694,            0.017957,           0.0057507,            0.001618,            0.001618,            0.001618
                 256,            0.024938,            0.022759,           0.0052276,             0.80938,             0.78737,             0.83374,             0.59814,            0.029706,            0.017973,           0.0057654,            0.001585,            0.001585,            0.001585
                 257,            0.024946,            0.022567,            0.005117,             0.81054,             0.78652,             0.83379,             0.59847,            0.029716,            0.017987,           0.0057778,            0.001552,            0.001552,            0.001552
                 258,            0.024802,            0.022501,           0.0050773,             0.81033,             0.78657,             0.83375,             0.59816,            0.029727,            0.018004,           0.0057925,            0.001519,            0.001519,            0.001519
                 259,            0.024801,             0.02261,           0.0050941,             0.81295,             0.78552,             0.83389,              0.5983,            0.029737,            0.018022,           0.0058042,            0.001486,            0.001486,            0.001486
                 260,            0.024646,             0.02243,           0.0050683,             0.81214,             0.78613,             0.83361,             0.59805,            0.029746,            0.018039,           0.0058138,            0.001453,            0.001453,            0.001453
                 261,            0.024762,            0.022488,           0.0050081,             0.81366,             0.78525,             0.83356,             0.59817,            0.029758,            0.018055,           0.0058238,             0.00142,             0.00142,             0.00142
                 262,            0.024542,            0.022464,           0.0049404,             0.81258,             0.78599,             0.83363,             0.59866,            0.029771,            0.018072,           0.0058358,            0.001387,            0.001387,            0.001387
                 263,            0.024516,            0.022225,           0.0048244,             0.81304,             0.78496,              0.8336,             0.59847,            0.029787,            0.018089,           0.0058469,            0.001354,            0.001354,            0.001354
                 264,            0.024577,            0.022209,           0.0049461,             0.81285,             0.78505,             0.83322,             0.59843,            0.029803,            0.018108,           0.0058616,            0.001321,            0.001321,            0.001321
                 265,            0.024315,            0.022013,             0.00495,             0.81231,             0.78538,             0.83318,             0.59843,            0.029819,            0.018128,             0.00588,            0.001288,            0.001288,            0.001288
                 266,            0.024232,            0.022106,           0.0048884,             0.81149,             0.78525,             0.83309,             0.59804,            0.029836,            0.018149,            0.005897,            0.001255,            0.001255,            0.001255
                 267,            0.024284,            0.022227,           0.0048184,             0.81219,             0.78419,             0.83282,             0.59767,            0.029851,            0.018169,            0.005911,            0.001222,            0.001222,            0.001222
                 268,            0.024131,            0.021977,           0.0048677,             0.81207,             0.78368,             0.83275,             0.59782,            0.029866,            0.018191,           0.0059296,            0.001189,            0.001189,            0.001189
                 269,            0.023924,            0.021942,           0.0047296,             0.81755,             0.77856,             0.83261,             0.59773,            0.029883,            0.018211,           0.0059447,            0.001156,            0.001156,            0.001156
                 270,            0.024049,            0.022008,           0.0048102,             0.81779,             0.77903,             0.83267,             0.59795,            0.029895,            0.018232,           0.0059654,            0.001123,            0.001123,            0.001123
                 271,            0.023956,            0.021945,           0.0048719,             0.81715,             0.77915,             0.83257,             0.59786,            0.029909,            0.018252,           0.0059774,             0.00109,             0.00109,             0.00109
                 272,            0.023951,            0.021867,           0.0047305,             0.81761,             0.77804,             0.83239,             0.59807,            0.029926,            0.018274,           0.0059912,            0.001057,            0.001057,            0.001057
                 273,            0.023805,            0.021824,           0.0046285,             0.81701,             0.77857,             0.83263,             0.59788,            0.029942,            0.018295,           0.0060052,            0.001024,            0.001024,            0.001024
                 274,            0.023778,             0.02157,           0.0046265,             0.81664,             0.77823,             0.83231,             0.59774,            0.029959,            0.018316,           0.0060241,            0.000991,            0.000991,            0.000991
                 275,            0.023842,            0.021761,           0.0045261,             0.81689,             0.77792,             0.83175,             0.59792,            0.029975,            0.018336,           0.0060395,            0.000958,            0.000958,            0.000958
                 276,            0.023569,            0.021705,           0.0046554,             0.81551,             0.77762,              0.8308,             0.59765,            0.029991,            0.018357,            0.006053,            0.000925,            0.000925,            0.000925
                 277,            0.023571,            0.021698,           0.0045271,             0.81675,              0.7786,             0.83062,             0.59742,            0.030006,            0.018378,           0.0060671,            0.000892,            0.000892,            0.000892
                 278,            0.023583,            0.021836,           0.0044888,             0.81731,             0.77861,              0.8303,             0.59746,            0.030022,            0.018403,            0.006084,            0.000859,            0.000859,            0.000859
                 279,            0.023389,            0.021324,           0.0043993,             0.81732,             0.77869,                0.83,             0.59748,            0.030034,            0.018427,           0.0061016,            0.000826,            0.000826,            0.000826
                 280,            0.023292,            0.021302,           0.0045395,             0.81659,             0.77957,             0.82994,             0.59738,            0.030047,            0.018452,           0.0061203,            0.000793,            0.000793,            0.000793
                 281,            0.023285,            0.021425,             0.00434,              0.8158,             0.77873,             0.82993,              0.5974,            0.030063,            0.018476,           0.0061412,             0.00076,             0.00076,             0.00076
                 282,            0.023085,             0.02132,           0.0043908,              0.8167,             0.77893,             0.82974,             0.59722,            0.030077,            0.018503,           0.0061594,            0.000727,            0.000727,            0.000727
                 283,            0.023044,            0.021142,           0.0043896,             0.81643,             0.77791,             0.82926,             0.59722,            0.030095,            0.018527,           0.0061793,            0.000694,            0.000694,            0.000694
                 284,            0.022999,            0.020976,           0.0042407,             0.81575,             0.77943,             0.82936,             0.59725,             0.03011,             0.01855,           0.0061973,            0.000661,            0.000661,            0.000661
                 285,            0.022992,            0.020992,           0.0043227,             0.81689,             0.77915,             0.82926,              0.5972,            0.030124,            0.018577,            0.006217,            0.000628,            0.000628,            0.000628
                 286,             0.02271,            0.020988,            0.004166,             0.81684,             0.77908,             0.82911,             0.59686,            0.030138,            0.018603,           0.0062354,            0.000595,            0.000595,            0.000595
                 287,             0.02288,            0.020957,           0.0042679,              0.8178,              0.7785,             0.82924,             0.59729,            0.030155,            0.018629,           0.0062524,            0.000562,            0.000562,            0.000562
                 288,            0.022904,            0.021056,           0.0043393,             0.81704,             0.77954,             0.82907,             0.59723,            0.030171,            0.018654,           0.0062693,            0.000529,            0.000529,            0.000529
                 289,              0.0226,            0.020752,            0.004192,             0.81513,             0.78007,             0.82893,             0.59704,            0.030185,            0.018681,           0.0062858,            0.000496,            0.000496,            0.000496
                 290,            0.022663,            0.020952,           0.0041241,             0.81927,             0.77636,             0.82879,             0.59738,            0.030199,            0.018706,           0.0063017,            0.000463,            0.000463,            0.000463
                 291,             0.02266,            0.020796,           0.0042322,             0.81777,             0.77826,             0.82868,             0.59762,            0.030214,            0.018731,           0.0063179,             0.00043,             0.00043,             0.00043
                 292,            0.022509,            0.020534,           0.0040671,             0.81818,             0.77789,             0.82888,             0.59727,            0.030229,            0.018758,           0.0063349,            0.000397,            0.000397,            0.000397
                 293,            0.022548,            0.020721,           0.0041291,             0.81938,              0.7757,             0.82857,             0.59737,            0.030245,            0.018785,           0.0063508,            0.000364,            0.000364,            0.000364
                 294,            0.022254,            0.020614,           0.0040752,             0.81919,             0.77562,             0.82856,             0.59738,            0.030261,            0.018814,           0.0063683,            0.000331,            0.000331,            0.000331
                 295,            0.022422,            0.020777,           0.0039892,             0.82023,             0.77433,             0.82839,             0.59709,            0.030276,             0.01884,           0.0063845,            0.000298,            0.000298,            0.000298
                 296,            0.022184,             0.02052,           0.0039906,             0.82015,             0.77507,             0.82819,             0.59695,            0.030292,             0.01887,           0.0063999,            0.000265,            0.000265,            0.000265
                 297,            0.022097,            0.020534,            0.004115,             0.81995,             0.77462,             0.82793,             0.59714,            0.030308,            0.018897,           0.0064155,            0.000232,            0.000232,            0.000232
                 298,            0.022096,             0.02036,           0.0040388,             0.82073,             0.77398,             0.82759,             0.59672,            0.030326,            0.018924,           0.0064329,            0.000199,            0.000199,            0.000199
                 299,            0.022207,            0.020543,           0.0040446,             0.82045,             0.77415,             0.82733,             0.59692,            0.030342,            0.018948,           0.0064483,            0.000166,            0.000166,            0.000166
